{
  "n_valid": 32,
  "avg_delta": 0.03355625,
  "pos_rate": 0.46875,
  "go": false
}