{
  "n_tasks": 100,
  "avg_iter_scores": {
    "iter_0": 0.8534820000000001,
    "iter_1": 0.8625310000000002,
    "iter_2": 0.8482707070707074,
    "iter_3": 0.8641212121212123,
    "iter_4": 0.8608630000000003
  }
}