{
  "n_tasks": 10,
  "avg_iter_scores": {
    "iter_0": 0.86119,
    "iter_1": 0.85395,
    "iter_2": 0.8385399999999998,
    "iter_3": 0.82516,
    "iter_4": 0.8431299999999998
  }
}